Handle,Title,Body (HTML),Vendor,Standardized Product Type,Custom Product Type,Tags,Published,Option1 Name,Option1 Value,Option2 Name,Option2 Value,Option3 Name,Option3 Value,Variant SKU,Variant Grams,Variant Inventory Tracker,Variant Inventory Qty,Variant Inventory Policy,Variant Fulfillment Service,Variant Price,Variant Compare At Price,Variant Requires Shipping,Variant Taxable,Variant Barcode,Image Src,Image Position,Image Alt Text,Gift Card,SEO Title,SEO Description,Google Shopping / Google Product Category,Google Shopping / Gender,Google Shopping / Age Group,Google Shopping / MPN,Google Shopping / AdWords Grouping,Google Shopping / AdWords Labels,Google Shopping / Condition,Google Shopping / Custom Product,Google Shopping / Custom Label 0,Google Shopping / Custom Label 1,Google Shopping / Custom Label 2,Google Shopping / Custom Label 3,Google Shopping / Custom Label 4,Variant Image,Variant Weight Unit,Variant Tax Code,Cost per item,Status
meister-candle-jade,XX Meister Candle test,"Der Meister ist mehr als nur eine Kerze. Er steckt voller <strong><span style=""color: #000000;""><a title=""Symbolik und Philosophie"" href=""https://candlesofwisdom.com/pages/info"" target=""_blank"">Symbolik</a></span></strong> und spielt mit der Vergänglichkeit der Schönheit. Zündest Du die Kerze an oder ist sie zu schade dazu? Einfach ist die Entscheidung nicht, doch der Meister lockt mit einer Besonderheit und belohnt diejenigen die sich trauen: Nach dem Wegschmelzen offenbart er eine Glücksmünze, auf der alte Weisheiten verewigt sind.<br><br>Die Herstellung unserer mehrfarbigen Modelle ist sehr aufwendig, wobei das Endresultat nie ganz vorhersehbar ist. Jeder Meister ist ein Unikat mit individuellem Charme und variiert leicht im Aussehen. <br> <br><strong>Material:</strong> Rapswachs Komposition mit Paraffinanteil, Baumwolldocht, Metallmünze<br><strong>Farbe:</strong> Schwarz, Jadegrün, durchgefärbt, glanzbeschichtet, RAL Kerzengüte Qualität<br><strong>Brenndauer:</strong> 30h<br><strong>Größe:</strong>19cm<br><strong>Geruch: </strong>neutral<br>",Candles of Wisdom,,Buddha Candle,"__tab1:philosophie, coin, free, handmade, noplastic, sustainable, vegan",false,Title,Default Title,,,,,CoW-MC-Jade,430.0,shopify,0,deny,manual,39.90,39.90,true,true,"",https://cdn.shopify.com/s/files/1/0002/7502/1865/products/Burning-Buddha-Skulptur-Kerze-Jade_dec6fc14-87d0-4728-938e-497115cd8038.png?v=1616680280,1,,false,Meister Candle Jade - Candles Of Wisdom,"Die Meister Kerze - auch bekannt als Burning Buddha - steckt voller Symbolik und spielt mit der Vergänglichkeit der Schönheit. Nach dem Wegschmelzen offenbart sie eine Glücksmünze, auf der alte Weisheiten verewigt sind. Sie ist geeignet als Meditationskerze zur Meditationsbegleitung und ist für spirituell suchende Menschen und Yogis ein hervorragendes Geschenk.
Die Herstellung unserer mehrfarbigen Modelle ist sehr aufwendig und geschieht in Handarbeit in Hamburg. Hauptbestandteil der Kerze ist Rapswachs. Jede unserer Kerzen kommt in einer plastikfreien Produktverpackung. ",,,,,,,,,,,,,,,kg,,3.80,draft
meister-candle-jade,,,,,,,,,,,,,,,,,,,,,,,,,https://cdn.shopify.com/s/files/1/0002/7502/1865/products/Burning-Buddha-Figur-Jade-Kerze_ec6ac94c-0615-4237-adb0-3f00734d109d.jpg?v=1616680280,2,,,,,,,,,,,,,,,,,,,,,,
meister-candle-jade,,,,,,,,,,,,,,,,,,,,,,,,,https://cdn.shopify.com/s/files/1/0002/7502/1865/products/Buddha-Burning-Buddha-Kerze-Schwarz-weiss-jade_b13844d8-ced0-4a2b-8c7c-1af10ed9cbdc.jpg?v=1616680280,3,,,,,,,,,,,,,,,,,,,,,,
meister-candle-jade,,,,,,,,,,,,,,,,,,,,,,,,,https://cdn.shopify.com/s/files/1/0002/7502/1865/products/Buddha-Burning-Buddha-Kerze-Schwarz-weiss-jade2_e4094db2-8bf8-47cc-92eb-489f75bb1ba9.jpg?v=1616680280,4,,,,,,,,,,,,,,,,,,,,,,
meister-candle-jade,,,,,,,,,,,,,,,,,,,,,,,,,https://cdn.shopify.com/s/files/1/0002/7502/1865/products/Burning-Buddha-Coin-of-Wisdom2_cfb0ee27-428e-454e-8406-10055d49e7b2.jpg?v=1616680280,5,,,,,,,,,,,,,,,,,,,,,,
meister-candle-jade,,,,,,,,,,,,,,,,,,,,,,,,,https://cdn.shopify.com/s/files/1/0002/7502/1865/products/Burning-Buddha-Verpackung_635d46cb-39db-46d7-a1de-dd1f33ac9337.jpg?v=1616680281,6,,,,,,,,,,,,,,,,,,,,,,
sun-candle,Sun Candle,"<p>Die Sonnenkerze spielt mit der Transluzenz des Kerzenwachses. Durch die raffinierte Formgebung leuchtet sie wie eine Sonne und kreiert eine außergewöhnliche Atmosphäre im Raum. Das flackernde Licht fesselt Deinen Blick und lässt ihn nicht mehr los.<br><br>Auch in der Sonnenkerze wartet die Münze der Weisheit auf Dich. Erst nach dem Abbrennen kommt die versteckte Botschaft zum Vorschein. Welche Weisheit Deine Kerze für Dich bereit hält, entscheidet der Zufall - falls es ihn gibt.</p>
<p><strong>Material: </strong><span>Raps-Komposition mit Paraffinanteil, </span>Baumwolldocht, Metallmünze<strong><br></strong><strong>Farbe:</strong> ungefärbt<br><strong>Größe:</strong> 10cm<br><strong>Brenndauer: </strong>50h+<br><strong>Geruch: </strong>neutral</p>",Candles Of Wisdom,,Candle Object,"candle, coin, free, handmade, Kerze, noplastic, objectcandle, sustainable",true,Title,Default Title,,,,,WISDOM-SUN,610.0,shopify,18,deny,manual,39.90,,true,true,'4170000002000,https://cdn.shopify.com/s/files/1/0002/7502/1865/products/201109_main-shot6.gif?v=1650309310,1,Sonnenkerze Sun Candle,false,Sun Candle - Die Sonnenkerze von Candles Of Wisdom ,"Die Sonnenkerze spielt auf eine faszinierende Art und Weise mit der Transluzenz des Wachses. Durch eine ausgeklügelte Formgebung leuchtet die Kerze wie eine Sonne und kreiert eine außergewöhnlich&nbsp;warme Atmosphäre im Raum. Das flackernde Licht fesselt deinen Blickund lässt ihn nicht mehr los. Auch in der Sonnenkerze wartet eine verborgene Botschaft auf dich. Nach dem Abbrennen kommt eine Glücksmünze zum Vorschein, die Weisheiten nach dem Glückskeks-Prinzip beinhaltet. Material: Rapswachs Komposition mit Paraffinanteil, Baumwolldocht, MetallmünzeFarbe:&nbsp;naturbelassen und ungefärbtGröße:&nbsp;10cmBrenndauer: 50h Geruch: neutral",,,,,,,,,,,,,,,kg,,4.20,active
sun-candle,,,,,,,,,,,,,,,,,,,,,,,,,https://cdn.shopify.com/s/files/1/0002/7502/1865/products/201116_suncandle_02.jpg?v=1650309310,2,Sun Candle Sonnenkerze - Candles of Wisdom,,,,,,,,,,,,,,,,,,,,,
sun-candle,,,,,,,,,,,,,,,,,,,,,,,,,https://cdn.shopify.com/s/files/1/0002/7502/1865/products/Sun-Candle-Candles-of-Wisdom-04.jpg?v=1650309310,3,,,,,,,,,,,,,,,,,,,,,,
sun-candle,,,,,,,,,,,,,,,,,,,,,,,,,https://cdn.shopify.com/s/files/1/0002/7502/1865/products/Sun-Candle-Candles-of-Wisdom-03.jpg?v=1650309310,4,,,,,,,,,,,,,,,,,,,,,,
sun-candle,,,,,,,,,,,,,,,,,,,,,,,,,https://cdn.shopify.com/s/files/1/0002/7502/1865/products/IMG_3246.jpg?v=1650309310,5,Candles of Wisdom - Sun Candle,,,,,,,,,,,,,,,,,,,,,
sun-candle,,,,,,,,,,,,,,,,,,,,,,,,,https://cdn.shopify.com/s/files/1/0002/7502/1865/products/Candles-of-Wisdom_Coin_of_Wisdom_9ef6a14a-489d-4121-a16e-443289f8e2b6.jpg?v=1650309310,6,,,,,,,,,,,,,,,,,,,,,,
sun-candle,,,,,,,,,,,,,,,,,,,,,,,,,https://cdn.shopify.com/s/files/1/0002/7502/1865/products/Sun-Candle-Verpackung.jpg?v=1650309310,7,,,,,,,,,,,,,,,,,,,,,,
prisma-candle-beige,Prisma Candle Beige,"<p><span>Die Prisma Objekt Kerze </span><span>verzaubert</span><span> mit ihrem minimalistisch geometrischen Design. Die Kerze ist nicht bloß ein einfacher Lichtspender</span><span> -</span><span> sie spielt mit der Vergänglichkeit der Form. </span><span>Ob Du sie anzündest bleibt letztlich Dir überlassen, doch eins sei gesagt: Sie ist auch beim Dahinschmelzen ein wahres Erlebnis.</span><br></p>
<p><span>Wie in all unseren Kerzen kommt auch hier nach dem Abbrennen eine Glücksmünze zum Vorschein, die Weisheiten nach dem Glückskeks-Prinzip beinhaltet.</span></p>
<p><strong>Material: </strong><span>Rapswachs Komposition mit Paraffinanteil, </span>Baumwolldocht<strong><br></strong><strong>Farbe:</strong> naturbelassen und ungefärbt<br><strong>Größe:</strong> 10cm<br><strong>Brenndauer: </strong>40h<br><strong data-mce-fragment=""1"">Geruchsneutral</strong><br></p>",Candles of Wisdom,,Candle Object,"candle, coin, free, handmade, Kerze, noplastic, Raute, sustainable",true,Title,Default Title,,,,,PRSM-BEIGE,500.0,shopify,-2,deny,manual,39.90,,true,true,'633710796620,https://cdn.shopify.com/s/files/1/0002/7502/1865/products/PrismaCandleofWisdom.png?v=1650309281,1,,false,Prisma Candle Beige - Candles of Wisdom,,,,,,,,,,,,,,,,kg,,4.00,active
prisma-candle-beige,,,,,,,,,,,,,,,,,,,,,,,,,https://cdn.shopify.com/s/files/1/0002/7502/1865/products/IMG_2458_ED.jpg?v=1650309281,2,,,,,,,,,,,,,,,,,,,,,,
prisma-candle-beige,,,,,,,,,,,,,,,,,,,,,,,,,https://cdn.shopify.com/s/files/1/0002/7502/1865/products/IMG_2462_ED_80d95656-008c-49a9-899b-a40bf4b57fa8.jpg?v=1650309281,3,,,,,,,,,,,,,,,,,,,,,,
prisma-candle-beige,,,,,,,,,,,,,,,,,,,,,,,,,https://cdn.shopify.com/s/files/1/0002/7502/1865/products/IMG_2523.jpg?v=1650309281,4,,,,,,,,,,,,,,,,,,,,,,
prisma-candle-beige,,,,,,,,,,,,,,,,,,,,,,,,,https://cdn.shopify.com/s/files/1/0002/7502/1865/products/Candles-of-Wisdom_Coin_of_Wisdom.jpg?v=1650309281,5,,,,,,,,,,,,,,,,,,,,,,
prisma-candle-beige,,,,,,,,,,,,,,,,,,,,,,,,,https://cdn.shopify.com/s/files/1/0002/7502/1865/products/Candles-of-Wisdom-Verpackung_d3fb9207-840e-4d92-bebf-235e1965875f.jpg?v=1650309281,6,,,,,,,,,,,,,,,,,,,,,,
prismacandle,Prisma Candle Lavendel,"<p><span></span><span>Die Prisma Objekt Kerze </span><span>verzaubert</span><span> mit ihrem minimalistisch geometrischen Design. Die Kerze ist nicht bloß ein einfacher Lichtspender</span><span> -</span><span> sie spielt mit der Vergänglichkeit der Form. </span><span>Ob Du sie anzündest bleibt letztlich Dir überlassen, doch eins sei gesagt: Sie ist auch beim Dahinschmelzen ein wahres Erlebnis.</span></p>
<p><span>Wie in all unseren Kerzen kommt auch hier nach dem Abbrennen eine Glücksmünze zum Vorschein, die Weisheiten nach dem Glückskeks-Prinzip beinhaltet.</span></p>
<p><strong>Material: </strong><span>Rapswachs Komposition mit Paraffinanteil, </span>Baumwolldocht<strong><br></strong><strong>Farbe:</strong> Lavendel durchgefärbt, RAL Kerzengüte Qualität<br><strong>Größe:</strong> 10cm<br><strong>Brenndauer: </strong>40h<br><strong data-mce-fragment=""1"">Geruchsneutral</strong><br></p>",Candles of Wisdom,,Candle Object,"candle, coin, free, handmade, Kerze, noplastic, Raute, sustainable",true,Title,Default Title,,,,,PRSM-LAV,500.0,shopify,1,deny,manual,39.90,,true,true,'633710796637,https://cdn.shopify.com/s/files/1/0002/7502/1865/products/Prisma-Candle-of-Wisdom-Lavendel.png?v=1648379917,1,,false,Prisma Candle Lavendel - Candles of Wisdom,,,,,,,,,,,,,,,,kg,,4.00,active
prismacandle,,,,,,,,,,,,,,,,,,,,,,,,,https://cdn.shopify.com/s/files/1/0002/7502/1865/products/Design-Kerze-mit-Muenze-Lavendel.jpg?v=1648379917,2,,,,,,,,,,,,,,,,,,,,,,
prismacandle,,,,,,,,,,,,,,,,,,,,,,,,,https://cdn.shopify.com/s/files/1/0002/7502/1865/products/Candles-Of-Wisdom-Samarit-lavendel.jpg?v=1648379917,3,,,,,,,,,,,,,,,,,,,,,,
prismacandle,,,,,,,,,,,,,,,,,,,,,,,,,https://cdn.shopify.com/s/files/1/0002/7502/1865/products/Object-Candle-Burning-Buddha_lavendel_3837cd9e-837c-44ad-9115-7ec6321f4998.jpg?v=1648379917,4,Design Kerze mit Münze,,,,,,,,,,,,,,,,,,,,,
prismacandle,,,,,,,,,,,,,,,,,,,,,,,,,https://cdn.shopify.com/s/files/1/0002/7502/1865/products/Prisma-Candle-Lavendel-Candles-of-Wisdom.jpg?v=1648379917,5,,,,,,,,,,,,,,,,,,,,,,
prismacandle,,,,,,,,,,,,,,,,,,,,,,,,,https://cdn.shopify.com/s/files/1/0002/7502/1865/products/Burning-buddha-Wisdom-Candle3.jpg?v=1648379917,6,Burning Buddha Candles of Wisdom,,,,,,,,,,,,,,,,,,,,,
prismacandle,,,,,,,,,,,,,,,,,,,,,,,,,https://cdn.shopify.com/s/files/1/0002/7502/1865/products/Candles-of-Wisdom_Coin_of_Wisdom_ebfebc5f-21f8-4d18-ab3c-2489842070d0.jpg?v=1648379917,7,,,,,,,,,,,,,,,,,,,,,,
prismacandle,,,,,,,,,,,,,,,,,,,,,,,,,https://cdn.shopify.com/s/files/1/0002/7502/1865/products/Candles-of-Wisdom-Verpackung_26690851-0067-41c0-8b17-39a628b6b5ba.jpg?v=1648379917,8,,,,,,,,,,,,,,,,,,,,,,
lavender-buddha-kerze,Meister Candle Lavendel,"<p><span>Der Meister ist mehr als nur eine Kerze. Er steckt voller </span><strong><span><a href=""https://candlesofwisdom.com/pages/info"" title=""Symbolik und Philosophie"" target=""_blank"">Symbolik</a></span></strong><span> und spielt mit der Vergänglichkeit der Schönheit. Zündest Du die Kerze an oder ist sie zu schade dazu? Einfach ist die Entscheidung nicht, doch der Meister lockt mit einer Besonderheit und belohnt diejenigen die sich trauen: Nach dem Wegschmelzen offenbart er eine Glücksmünze, auf der alte Weisheiten verewigt sind.</span><br><br><strong>Material:</strong><span> Rapswachs Komposition mit Paraffinanteil, Baumwolldocht, Metallmünze</span><br><strong>Farbe:</strong><span> Durchgefärbt lavendel, RAL Kerzengüte Qualität</span><br><strong>Brenndauer:</strong><span> 30h</span><br><strong>Größe:</strong><span>19cm</span><br><strong>Geruch:<span> </span></strong><span>neutral</span></p>",burningbuddha,,Buddha Candle,"__tab1:philosophie, Buddha, candle, coin, free, handmade, Kerze, noplastic, sustainable",true,Title,Default Title,,,,,BB-Lavender,430.0,shopify,18,deny,manual,39.90,,true,true,'633710796514,https://cdn.shopify.com/s/files/1/0002/7502/1865/products/Lavendel-Kerze.png?v=1648331252,1,Lavendel Trendfarbe Kerze,false,Meister Candle Lavendel - Candles of Wisdom,"Die Buddha Kerze - eine großartige Geschenkidee für Yoga und Meditation Fans. Sie ist mehr als nur ein Lichtsprender, denn sie steckt voller Symbolik und spielt mit der Vergänglichkeit der. Nach dem Wegschmelzen wird eine Glücksmünze offenbart, auf der alte Weisheiten verewigt sind - Nach Glückskeksprinzip",,,,,,,,,,,,,,,kg,,3.90,active
lavender-buddha-kerze,,,,,,,,,,,,,,,,,,,,,,,,,https://cdn.shopify.com/s/files/1/0002/7502/1865/products/Candles-of-Wisdom--Meister-Kerze-Lavendel.jpg?v=1648331252,2,burning buddha,,,,,,,,,,,,,,,,,,,,,
lavender-buddha-kerze,,,,,,,,,,,,,,,,,,,,,,,,,https://cdn.shopify.com/s/files/1/0002/7502/1865/products/Burning-Buddha-Candle.jpg?v=1648331252,3,Burning Buddha,,,,,,,,,,,,,,,,,,,,,
lavender-buddha-kerze,,,,,,,,,,,,,,,,,,,,,,,,,https://cdn.shopify.com/s/files/1/0002/7502/1865/products/Lavendel-Buddha-Kerze.jpg?v=1648331252,4,Burning Buddha Yoga Geschenk,,,,,,,,,,,,,,,,,,,,,
lavender-buddha-kerze,,,,,,,,,,,,,,,,,,,,,,,,,https://cdn.shopify.com/s/files/1/0002/7502/1865/products/Yoga-Kerze-Burning-Buddha.jpg?v=1648331252,5,Burning Buddha Lavendel Kerze,,,,,,,,,,,,,,,,,,,,,
lavender-buddha-kerze,,,,,,,,,,,,,,,,,,,,,,,,,https://cdn.shopify.com/s/files/1/0002/7502/1865/products/Candles-of-Wisdom_Coin_of_Wisdom_444bbfe7-03bf-4a67-9d60-804395d49717.jpg?v=1648331263,6,,,,,,,,,,,,,,,,,,,,,,
lavender-buddha-kerze,,,,,,,,,,,,,,,,,,,,,,,,,https://cdn.shopify.com/s/files/1/0002/7502/1865/products/Candles-of-Wisdom-Verpackung_85e0c7c1-3ba1-4bb3-9c05-b428015dde69.jpg?v=1648331279,7,,,,,,,,,,,,,,,,,,,,,,
royal,XX Meister Royal,"<p>Der Burning Buddha ist mehr als nur eine Kerze. Er steckt voller<span> </span><strong><span><a href=""https://www.burningbuddha.de/pages/info"" title=""Symbolik und Philosophie"" target=""_blank"">Symbolik</a></span></strong><span> </span>und spielt mit der<span> </span><strong>Vergänglichkeit der Schönheit</strong><span> </span>- Zündest Du die Kerze an oder ist sie zu schade dazu? So einfach ist die Entscheidung nicht, denn der Buddha lockt mit einer<span> </span><strong>Besonderheit</strong>: Nach dem Wegschmelzen offenbart er eine<span> </span><strong>Glücksmünze</strong>, auf der alte<span> </span><strong>Weisheiten</strong><span> </span>verewigt sind.</p>
<p><span>Die Herstellung unserer <strong>mehrfarbigen Modelle</strong> ist sehr <strong>aufwendig</strong>, wobei das <strong>Endresultat</strong> nie ganz vorhersehbar ist. Jeder Buddha ist ein <strong>Unikat</strong> mit individuellem Charme und <strong>variiert im Aussehen</strong>.<br></span></p>
<p><strong>Material:</strong><span> Rapswachs Komposition mit Paraffinanteil, Baumwolldocht, Metallmünze</span><br><strong>Farbe:</strong><span> durchgefärbt violett, glanzbeschichtet, kupfer-gold gesprenkelt, RAL Kerzengüte Qualität</span><br><strong>Brenndauer:</strong><span> 30h</span><br><strong>Größe:</strong><span> 19cm<br><strong data-mce-fragment=""1"">Geruchsneutral</strong><br></span></p>",burningbuddha,,Buddha Candle,"__tab1:philosophie, Buddha, candle, coin, free, handmade, Kerze, noplastic, sustainable",false,Title,Default Title,,,,,BB-Royal,430.0,shopify,1,deny,manual,44.90,44.90,true,true,"",https://cdn.shopify.com/s/files/1/0002/7502/1865/products/Burning-Buddha-Kerze-Skulptur-Royal-Meister.png?v=1567176022,1,,false,Burning Buddha Figur - Kerze Meister,,,,,,,,,,,,,,,,kg,,4.50,draft
royal,,,,,,,,,,,,,,,,,,,,,,,,,https://cdn.shopify.com/s/files/1/0002/7502/1865/products/Burning-Buddha-Kerze-Royal.jpg?v=1567176022,2,,,,,,,,,,,,,,,,,,,,,,
royal,,,,,,,,,,,,,,,,,,,,,,,,,https://cdn.shopify.com/s/files/1/0002/7502/1865/products/Burning-Buddha-Coin-of-Wisdom2_0d4e3984-bace-48ea-adef-30efcc7829f2.jpg?v=1567176022,3,,,,,,,,,,,,,,,,,,,,,,
royal,,,,,,,,,,,,,,,,,,,,,,,,,https://cdn.shopify.com/s/files/1/0002/7502/1865/products/Burning-Buddha-Verpackung_13d9cad9-342c-4994-a39c-52b566edd097.jpg?v=1567176022,4,Verpackung,,,,,,,,,,,,,,,,,,,,,
peach,Meister Candle Peach,"<p><span>Der Meister ist mehr als nur eine Kerze. Er steckt voller </span><strong><span><a href=""https://candlesofwisdom.com/pages/info"" title=""Symbolik und Philosophie"" target=""_blank"">Symbolik</a></span></strong><span> und spielt mit der Vergänglichkeit der Schönheit. Zündest Du die Kerze an oder ist sie zu schade dazu? Einfach ist die Entscheidung nicht, doch der Meister lockt mit einer Besonderheit und belohnt diejenigen die sich trauen: Nach dem Wegschmelzen offenbart er eine Glücksmünze, auf der alte Weisheiten verewigt sind.</span><br><br><strong>Material:</strong><span> Rapswachs Komposition mit Paraffinanteil, Baumwolldocht, Metallmünze</span><br><strong>Farbe:</strong><span> Durchgefärbt pfirsichfarben, RAL Kerzengüte Qualität</span><br><strong>Brenndauer:</strong><span> 30h</span><br><strong>Größe:</strong><span>19cm</span><br><strong>Geruch:<span> </span></strong><span>neutral</span></p>",Candles of Wisdom,,Buddha Candle,"__tab1:philosophie, Buddha, candle, coin, free, handmade, Kerze, noplastic, sustainable",true,Title,Default Title,,,,,BB-Sake,430.0,shopify,18,deny,manual,39.90,,true,true,'633710796538,https://cdn.shopify.com/s/files/1/0002/7502/1865/products/Buddha-Figur-Salmon-Burning-Buddha.png?v=1648372428,1,,false,Meister Candle Peach  - Candles of Wisdom,,,,,,,,,,,,,,,,kg,,3.50,active
peach,,,,,,,,,,,,,,,,,,,,,,,,,https://cdn.shopify.com/s/files/1/0002/7502/1865/products/Candles-of-Wisdom-Buddha-Candle-Peach.jpg?v=1648372428,2,,,,,,,,,,,,,,,,,,,,,,
peach,,,,,,,,,,,,,,,,,,,,,,,,,https://cdn.shopify.com/s/files/1/0002/7502/1865/products/Candles-of-Wisdom_Coin_of_Wisdom_1b83c8ea-4d27-4854-a4ec-fda00d55f60b.jpg?v=1648372428,3,,,,,,,,,,,,,,,,,,,,,,
peach,,,,,,,,,,,,,,,,,,,,,,,,,https://cdn.shopify.com/s/files/1/0002/7502/1865/products/Candles-of-Wisdom-Verpackung_f9e71743-b218-4f06-8b3b-4fe40d397541.jpg?v=1648372428,4,,,,,,,,,,,,,,,,,,,,,,
jade,Meister Candle Jade,"<p><span data-mce-fragment=""1"">Der Meister ist mehr als nur eine Kerze. Er steckt voller </span><strong data-mce-fragment=""1""><span data-mce-fragment=""1""><a title=""Symbolik und Philosophie"" href=""https://candlesofwisdom.com/pages/info"" data-mce-fragment=""1"" data-mce-href=""https://candlesofwisdom.com/pages/info"" target=""_blank"">Symbolik</a></span></strong><span data-mce-fragment=""1""> und spielt mit der Vergänglichkeit der Schönheit. Zündest Du die Kerze an oder ist sie zu schade dazu? Einfach ist die Entscheidung nicht, doch der Meister lockt mit einer Besonderheit und belohnt diejenigen die sich trauen: Nach dem Wegschmelzen offenbart er eine Glücksmünze, auf der alte Weisheiten verewigt sind.</span><br data-mce-fragment=""1""><br data-mce-fragment=""1""><span data-mce-fragment=""1"">Die Herstellung unserer mehrfarbigen Modelle ist sehr aufwendig, wobei das Endresultat nie ganz vorhersehbar ist. Jeder Meister ist ein Unikat mit individuellem Charme und variiert leicht im Aussehen.</span><br data-mce-fragment=""1""><br data-mce-fragment=""1""><strong data-mce-fragment=""1"">Material:</strong><span data-mce-fragment=""1""> Rapswachs Komposition mit Paraffinanteil, Baumwolldocht, Metallmünze</span><br data-mce-fragment=""1""><strong data-mce-fragment=""1"">Farbe:</strong><span data-mce-fragment=""1""> Schwarz, Jadegrün, durchgefärbt, glanzbeschichtet, RAL Kerzengüte Qualität</span><br data-mce-fragment=""1""><strong data-mce-fragment=""1"">Brenndauer:</strong><span data-mce-fragment=""1""> 30h</span><br data-mce-fragment=""1""><strong data-mce-fragment=""1"">Größe:</strong><span data-mce-fragment=""1"">19cm</span><br data-mce-fragment=""1""><strong data-mce-fragment=""1"">Geruch:<span data-mce-fragment=""1""> </span></strong><span data-mce-fragment=""1"">neutral</span></p>",burningbuddha,,Buddha Candle,"__tab1:philosophie, Buddha, candle, coin, free, handmade, Kerze, noplastic, sustainable",true,Title,Default Title,,,,,BB-Jade,430.0,shopify,21,deny,manual,44.90,,true,true,'633710796569,https://cdn.shopify.com/s/files/1/0002/7502/1865/products/Burning-Buddha-Skulptur-Kerze-Jade_f70c6cb5-717b-4e88-bc5a-5a072279db5f.png?v=1648370885,1,,false,Meister Candle Jade - Candles of Wisdom,"Diese Buddha Figur ist mehr als nur eine Kerze. Sie steckt voller Symbolik und spielt mit der Vergänglichkeit der Schönheit. Zündest Du die Kerze an oder ist sie zu schade dazu? Einfach ist die Entscheidung nicht, doch der Meister lockt mit einer Besonderheit und belohnt diejenigen die sich trauen: Nach dem Wegschmelzen offenbart er eine Glücksmünze, auf der alte Weisheiten verewigt sind. Die Herstellung unserer mehrfarbigen Modelle ist sehr aufwendig, wobei das Endresultat nie ganz vorhersehbar ist. ",,,,,,,,,,,,,,,kg,,3.80,active
jade,,,,,,,,,,,,,,,,,,,,,,,,,https://cdn.shopify.com/s/files/1/0002/7502/1865/products/Candles-of-Wisdom-Meister-Burning-Buddha-Jade.jpg?v=1648370996,2,Burning Buddha,,,,,,,,,,,,,,,,,,,,,
jade,,,,,,,,,,,,,,,,,,,,,,,,,https://cdn.shopify.com/s/files/1/0002/7502/1865/products/Candles-Of-Wisdom-Meister-Candle-Jade.jpg?v=1648371009,3,Burning Buddha,,,,,,,,,,,,,,,,,,,,,
jade,,,,,,,,,,,,,,,,,,,,,,,,,https://cdn.shopify.com/s/files/1/0002/7502/1865/products/Meister-CandlesofWisdomBuddha-Jade_02cbea59-f773-4aaa-b946-c7012b1d83a1.jpg?v=1648371020,4,Burning Buddha,,,,,,,,,,,,,,,,,,,,,
jade,,,,,,,,,,,,,,,,,,,,,,,,,https://cdn.shopify.com/s/files/1/0002/7502/1865/products/Candles-of-Wisdom_Coin_of_Wisdom_a45b2b09-e7bb-4714-9a7a-cecc51a8e689.jpg?v=1648370890,5,,,,,,,,,,,,,,,,,,,,,,
jade,,,,,,,,,,,,,,,,,,,,,,,,,https://cdn.shopify.com/s/files/1/0002/7502/1865/products/Candles-of-Wisdom-Verpackung_c469aa36-df30-4f6e-bf37-64fc24af326a.jpg?v=1648370890,6,,,,,,,,,,,,,,,,,,,,,,
amor,Meister Candle Amor,"<p><span>Der Meister ist mehr als nur eine Kerze. Er steckt voller </span><strong><span><a title=""Symbolik und Philosophie"" href=""https://candlesofwisdom.com/pages/info"" target=""_blank"">Symbolik</a></span></strong><span> und spielt mit der Vergänglichkeit der Schönheit. Zündest Du die Kerze an oder ist sie zu schade dazu? Einfach ist die Entscheidung nicht, doch der Meister lockt mit einer Besonderheit: Nach dem Wegschmelzen offenbart er eine Glücksmünze, auf der alte Weisheiten verewigt sind.</span><br><br><strong>Material:</strong><span> Rapswachs Komposition mit Paraffinanteil, Baumwolldocht, Metallmünze</span><br><strong>Farbe:</strong><span> Durchgefärbt rot, glanzbeschichtet, RAL Kerzengüte Qualität</span><br><strong>Brenndauer:</strong><span> 30h</span><br><strong>Größe:</strong><span>19cm</span><br><strong>Geruch:<span> </span></strong><span>neutral</span></p>",Candles of Wisdom,,Buddha Candle,"__tab1:philosophie, Buddha, candle, coin, free, handmade, Kerze, noplastic, sustainable",true,Title,Default Title,,,,,BB-Amor,430.0,shopify,15,deny,manual,39.90,39.90,true,true,'633710796590,https://cdn.shopify.com/s/files/1/0002/7502/1865/products/Burning-Buddha-Kerze-Valentinstag_03d3465b-8b67-483a-8602-cde0272bbd47.png?v=1648328411,1,Valentinstag Geschenk Burning Buddha,false,Meister Candle Amor - Candles of Wisdom,"Buddha Kerze mit Glücksmünze Rot. Der Burning Buddha ist mehr als nur eine Kerze. Er steckt voller Symbolik und spielt mit der Vergänglichkeit der Schönheit. Zündest Du die Kerze an oder ist sie zu schade dazu? Einfach ist die Entscheidung nicht, doch der Meister lockt mit einer Besonderheit und belohnt diejenigen die sich trauen: Nach dem Wegschmelzen offenbart er eine Glücksmünze, auf der alte Weisheiten verewigt sind.Material: Rapswachs Komposition mit Paraffinanteil, Baumwolldocht, MetallmünzeFarbe: Durchgefärbt rot, glanzbeschichtet, RAL Kerzengüte QualitätBrenndauer: 30hGröße:19cmGeruch: neutral",,,,,,,,,,,,,,,kg,,3.50,active
amor,,,,,,,,,,,,,,,,,,,,,,,,,https://cdn.shopify.com/s/files/1/0002/7502/1865/products/BurningBuddhaAmor.jpg?v=1648328411,2,Candes of Wisdom Burning Buddha,,,,,,,,,,,,,,,,,,,,,
amor,,,,,,,,,,,,,,,,,,,,,,,,,https://cdn.shopify.com/s/files/1/0002/7502/1865/products/Candles-of-Wisdom_Coin_of_Wisdom_31878477-34fd-4648-82ed-a786dd1e9e69.jpg?v=1648328411,3,,,,,,,,,,,,,,,,,,,,,,
amor,,,,,,,,,,,,,,,,,,,,,,,,,https://cdn.shopify.com/s/files/1/0002/7502/1865/products/Candles-of-Wisdom-Verpackung_b6ff2fe6-1d36-4e5e-8973-46a784af8db4.jpg?v=1648328411,4,,,,,,,,,,,,,,,,,,,,,,
grand-stein,XX Buddha Figur Grand Stein,"<p><span>Die <strong>Große Buddha Figur</strong> ist für die Ewigkeit gemacht. Massiv und schwer, eignet sie sich als <strong>Haus und Garten Dekoration</strong>. Das matt weiße Material kreiert ein faszinierendes Schattenspiel und bringt die geometrische Flächen des Designs besonders gut zur Geltung. </span></p>
<p><span>Doch das ist nicht Alles: Das Material lässt sich mit <strong>Farben</strong> und <strong>Filzstiften</strong> aller Art <strong>bemalen</strong>. Ob passend zu Deiner <strong>Wandfarbe</strong>, als neuer <strong>Farbakzent</strong> in deinem <strong>Interior </strong>oder sogar als Dein persönlicher künstlerischer Ausdruck - den Möglichkeiten sind keine Grenzen gesetzt. </span><span>Gib Deinem Buddha eine persönliche Note!</span></p>
<p><span><strong>Material: </strong>Reliefgießmasse, wetterbeständig (unbemalt)<br><strong>Gewicht:</strong> 2kg<br><strong>Farbe:</strong> Schneeweiß<br><strong>Größe:</strong> 25cm</span></p>",Burning Buddha,,Buddha Sculpture,"Buddha, Figur, free, handmade, noplastic, resistant, sustainable",false,Title,Default Title,,,,,BB-GStein,2000.0,shopify,0,deny,manual,79.90,79.90,true,true,"",https://cdn.shopify.com/s/files/1/0002/7502/1865/products/Grosse-Buddha-Statue_d3949af2-b1fd-4a1f-8f50-e57d6460c880.png?v=1571334055,1,,false,Buddha Statue Stein - Burning Buddha,"Die Große Buddha Figur ist für die Ewigkeit gemacht. Massiv und schwer, eignet sie sich als Haus und Garten Dekoration. Die Skulptur lässt sich mit Farben und Filzstiften bemalen. Ob passend zu Deiner Wandfarbe, als neuer Farbakzent in deinem Interior oder sogar als Dein persönlicher künstlerischer Ausdruck - den Möglichkeiten sind keine Grenzen gesetzt. ",,,,,,,,,,,,,,,kg,,7.00,draft
grand-stein,,,,,,,,,,,,,,,,,,,,,,,,,https://cdn.shopify.com/s/files/1/0002/7502/1865/products/Burning-Buddha---Grosse--Buddha-Figur-Stein-2.jpg?v=1571334055,2,,,,,,,,,,,,,,,,,,,,,,
grand-stein,,,,,,,,,,,,,,,,,,,,,,,,,https://cdn.shopify.com/s/files/1/0002/7502/1865/products/Burning-Buddha-Stein-bemalbarer-Buddha_2_3ac80b89-5137-450a-bd76-0dc54074fac7.jpg?v=1571334055,3,Buddha Figur Blau - Burning Buddha,,,,,,,,,,,,,,,,,,,,,
grand-stein,,,,,,,,,,,,,,,,,,,,,,,,,https://cdn.shopify.com/s/files/1/0002/7502/1865/products/Buddha-Figur-1zu1_04.jpg?v=1571334055,4,Buddha Statue Burning Buddha,,,,,,,,,,,,,,,,,,,,,
grand-stein,,,,,,,,,,,,,,,,,,,,,,,,,https://cdn.shopify.com/s/files/1/0002/7502/1865/products/Burning-Buddha-Verpackung_f3ba9c63-b70d-45b5-a2ed-9c908182ee9b.jpg?v=1571334055,5,,,,,,,,,,,,,,,,,,,,,,
raute-set,Prisma Candle Set,"<p><span></span><span>Dieses Kerzenset</span><span> verzaubert</span><span> mit dem klaren geometrischen Design. Die Kerzen sind nicht bloß einfache Lichtspender</span><span> -</span><span> Sie spielen mit der Vergänglichkeit der Form. </span><span>Ob Du sie anzündest bleibt letztlich Dir überlassen, doch eins sei gesagt: Sie sind auch beim Dahinschmelzen ein wahres Erlebnis.</span></p>
<p><span>Wie in all unseren Kerzen kommt auch hier nach dem Abbrennen eine Glücksmünze zum Vorschein, die Weisheiten nach dem Glückskeks-Prinzip beinhaltet.</span></p>
<p><span></span><strong>Material: </strong><span>Rapswachs Komposition mit Paraffinanteil, </span>Baumwolldocht<strong><br></strong><strong>Farbe: </strong>Lavendel durchgefärbt, RAL Kerzengüte Qualität, Ungefärbt Beige<br><strong>Größe:</strong> 20cm / 26cm<br><strong>Brenndauer: </strong>30h+ / 40h+<br><strong data-mce-fragment=""1"">Geruchsneutral</strong><br></p>",Candles of Wisodm,,Candle Object,"candle, coin, free, handmade, Kerze, noplastic, Raute, sustainable",true,Color,Beige,,,,,PR-SET-BEIGE,1000.0,shopify,1,deny,manual,69.90,79.90,true,true,"",https://cdn.shopify.com/s/files/1/0002/7502/1865/products/Kerzen-Set-Lavendel-mit-Coin.png?v=1648324372,1,,false,Prisma Candle Set - Candles Of Wisdom,,,,,,,,,,,,,,,https://cdn.shopify.com/s/files/1/0002/7502/1865/products/burning-buddha-kerzenset-beige.jpg?v=1648324372,kg,,8.00,active
raute-set,,,,,,,,,Lavendel,,,,,PR-SET-LAV,1000.0,shopify,1,deny,manual,69.90,79.90,true,true,"",https://cdn.shopify.com/s/files/1/0002/7502/1865/products/burning-buddha-kerzenset-beige.jpg?v=1648324372,2,Geometric design candle ,,,,,,,,,,,,,,,,,https://cdn.shopify.com/s/files/1/0002/7502/1865/products/Kerzen-Set-Lavendel-mit-Coin.png?v=1648324372,kg,,8.00,
raute-set,,,,,,,,,,,,,,,,,,,,,,,,,https://cdn.shopify.com/s/files/1/0002/7502/1865/products/lavendel-burning-buddha-kerzenset.jpg?v=1648324372,3,design candle set,,,,,,,,,,,,,,,,,,,,,
raute-set,,,,,,,,,,,,,,,,,,,,,,,,,https://cdn.shopify.com/s/files/1/0002/7502/1865/products/Burning-buddha-Wisdom-Candle3_e9338a94-c80b-4919-b8f4-41e01c0e3635.jpg?v=1648324372,4,Burning Buddha Design candles,,,,,,,,,,,,,,,,,,,,,
raute-set,,,,,,,,,,,,,,,,,,,,,,,,,https://cdn.shopify.com/s/files/1/0002/7502/1865/products/design-kerze-lavendel_bfef162a-e926-41e4-812a-ed4f827369fb.jpg?v=1648324372,5,design deco candles,,,,,,,,,,,,,,,,,,,,,
raute-set,,,,,,,,,,,,,,,,,,,,,,,,,https://cdn.shopify.com/s/files/1/0002/7502/1865/products/Candles-of-Wisdom_Coin_of_Wisdom_6a5c3c9b-bd03-40ea-b7f8-5aa99ef7f1cd.jpg?v=1648324372,6,,,,,,,,,,,,,,,,,,,,,,
raute-set,,,,,,,,,,,,,,,,,,,,,,,,,https://cdn.shopify.com/s/files/1/0002/7502/1865/products/Candles-of-Wisdom-Verpackung.jpg?v=1648324382,7,Candles of Wisdom,,,,,,,,,,,,,,,,,,,,,
stein,Meister Stein,"<p><span></span>Die Buddha Figur ist für die Ewigkeit gemacht. Massiv und schwer, eignet sie sich als <strong>Haus und Garten Dekoration</strong>. Das matt weiße Material kreiert ein schönes Schattenspiel und bringt die geometrische Flächen des Designs besonders gut zur Geltung.<br></p>
<p><span>Doch das ist nicht Alles: Das Material lässt sich kinderleicht mit <strong>Farben</strong> und <strong>Filzstiften</strong> aller Art <strong>bemalen</strong>. Ob passend zu Deiner <strong>Wandfarbe</strong>, als neuer <strong>Farbakzent</strong> in Deinem <strong>Interior </strong>oder sogar als Dein persönlicher künstlerischer Ausdruck - den Möglichkeiten sind keine Grenzen gesetzt. </span><span>Gib Deinem Buddha eine persönliche Note!</span></p>
<p><strong>Material:</strong><span> Reliefgießmasse, wetterbeständig wenn unbemalt</span><br><strong>Gewicht:</strong> ca. 1kg<br><strong>Farbe:</strong> <span>Schneeweiß</span><span><br></span><span><strong>Größe:</strong> 18cm</span></p>",Candles of Wisdom,,Buddha Sculpture,"Buddha, Figur, free, handmade, noplastic, resistant, sustainable",true,Title,Default Title,,,,,BB-Stein,850.0,shopify,7,deny,manual,39.90,,true,true,'4170000036258,https://cdn.shopify.com/s/files/1/0002/7502/1865/products/Moderne-Buddha-Figur-Stein-Staute.png?v=1587120707,1,,false,Buddha Figur Stein - Candles of Wisdom,"Für alle, die den Buddha für die Ewigkeit haben wollen gibt es die Buddha Figur Stein. Das Material lässt sich außerdem kinderleicht mit Farben und Stiften bemalen. So kannst Du Deinem Buddha eine persönliche Note geben deine Version gerne unter #myburningbuddha teilen.",,,,,,,,,,,,,,,kg,,3.50,active
stein,,,,,,,,,,,,,,,,,,,,,,,,,https://cdn.shopify.com/s/files/1/0002/7502/1865/products/Moderne-Buddha-Figur-Skulptur-aus-Beton_2.jpg?v=1587120707,2,Buddha Figur,,,,,,,,,,,,,,,,,,,,,
stein,,,,,,,,,,,,,,,,,,,,,,,,,https://cdn.shopify.com/s/files/1/0002/7502/1865/products/Moderne-Buddha-Figur-aus-Stein2.jpg?v=1587120707,3,Moderne Buddha Skulptur,,,,,,,,,,,,,,,,,,,,,
stein,,,,,,,,,,,,,,,,,,,,,,,,,https://cdn.shopify.com/s/files/1/0002/7502/1865/products/Buddhafigurgarten.jpg?v=1587120707,4,,,,,,,,,,,,,,,,,,,,,,
stein,,,,,,,,,,,,,,,,,,,,,,,,,https://cdn.shopify.com/s/files/1/0002/7502/1865/products/Buddha-Figur-1zu1_05.jpg?v=1587120707,5,Buddha Figur,,,,,,,,,,,,,,,,,,,,,
stein,,,,,,,,,,,,,,,,,,,,,,,,,https://cdn.shopify.com/s/files/1/0002/7502/1865/products/Burning-Buddha-Stein-bemalbarer-Buddha_2.jpg?v=1587120707,6,Buddha Statue,,,,,,,,,,,,,,,,,,,,,
stein,,,,,,,,,,,,,,,,,,,,,,,,,https://cdn.shopify.com/s/files/1/0002/7502/1865/products/Burning-Buddha-Verpackung_1cb4a2d6-f04f-4ab0-bbef-41c719799462.jpg?v=1587120707,7,,,,,,,,,,,,,,,,,,,,,,
purple,Meister Candle Purple,"<p><span>Der Meister ist mehr als nur eine Kerze. Er steckt voller <strong><a href=""https://candlesofwisdom.com/pages/info"" title=""Symbolik und Philosophie"" target=""_blank"">Symbolik</a></strong> und spielt mit der Vergänglichkeit der Schönheit. Zündest Du die Kerze an oder ist sie zu schade dazu? Einfach ist die Entscheidung nicht, doch der Meister lockt mit einer Besonderheit und belohnt diejenigen die sich trauen: Nach dem Wegschmelzen offenbart er eine Glücksmünze, auf der alte Weisheiten verewigt sind.<br><br><strong>Material:</strong> Rapswachs Komposition mit Paraffinanteil, Baumwolldocht, Metallmünze<br><strong>Farbe:</strong> Violett, glanzbeschichtet, RAL Kerzengüte Qualität<br><strong>Brenndauer:</strong> 30h<br><strong>Größe:</strong>19cm<br><strong>Geruch: </strong>neutral</span></p>",Burning Buddha,,Buddha Candle,"__tab1:philosophie, Buddha, candle, coin, free, handmade, Kerze, noplastic, sustainable",true,Title,Default Title,,,,,BB-Purple,430.0,shopify,6,deny,manual,39.90,39.90,true,true,'633710796606,https://cdn.shopify.com/s/files/1/0002/7502/1865/products/Burning-Buddha-Figur-Designkerze-Lilla-Violet-purple-2.png?v=1648371228,1,,false,Meister Candle Purple - Candles of Wisdom,"Der Meister ist mehr als nur eine Kerze. Er steckt voller Symbolik und spielt mit der Vergänglichkeit der Schönheit. Zündest Du die Kerze an oder ist sie zu schade dazu? Einfach ist die Entscheidung nicht, doch der Meister lockt mit einer Besonderheit und belohnt diejenigen die sich trauen: Nach dem Wegschmelzen offenbart er eine Glücksmünze, auf der alte Weisheiten verewigt sind. Material: Rapswachs Komposition mit Paraffinanteil, Baumwolldocht, Metallmünze Farbe: Violett, glanzbeschichtet, RAL Kerzengüte Qualität Brenndauer: 30hGröße:19cmGeruch: neutral",,,,,,,,,,,,,,,kg,,4.00,active
purple,,,,,,,,,,,,,,,,,,,,,,,,,https://cdn.shopify.com/s/files/1/0002/7502/1865/products/Meister-Candles-of-Wisdom-Purple.jpg?v=1648371228,2,Burning Buddha Candles of Wisdom,,,,,,,,,,,,,,,,,,,,,
purple,,,,,,,,,,,,,,,,,,,,,,,,,https://cdn.shopify.com/s/files/1/0002/7502/1865/products/Candles-of-Wisdom-Yoga-Kerze-Meister-Kerze.jpg?v=1648371228,3,Candles of Wisdom Burning Buddha,,,,,,,,,,,,,,,,,,,,,
purple,,,,,,,,,,,,,,,,,,,,,,,,,https://cdn.shopify.com/s/files/1/0002/7502/1865/products/Candles-of-Wisdom_Coin_of_Wisdom_50d33da4-813e-43e0-b299-a0c6c9436e66.jpg?v=1648371228,4,,,,,,,,,,,,,,,,,,,,,,
purple,,,,,,,,,,,,,,,,,,,,,,,,,https://cdn.shopify.com/s/files/1/0002/7502/1865/products/Candles-of-Wisdom-Verpackung_6c6b5a6e-0157-4cd8-a7fe-004e0fc2c447.jpg?v=1648371228,5,,,,,,,,,,,,,,,,,,,,,,
purple,,,,,,,,,,,,,,,,,,,,,,,,,https://cdn.shopify.com/s/files/1/0002/7502/1865/products/Candles-of-Wisdom-Verpackung_0a380dcf-6e9f-47fd-b84f-663f818bba7d.jpg?v=1648371228,6,,,,,,,,,,,,,,,,,,,,,,
zenf,Meister Candle Zenf,"<p><span>Der Meister ist mehr als nur eine Kerze. Er steckt voller </span><strong><span><a href=""https://candlesofwisdom.com/pages/info"" title=""Symbolik und Philosophie"" target=""_blank"">Symbolik</a></span></strong><span> und spielt mit der Vergänglichkeit der Schönheit. Zündest Du die Kerze an oder ist sie zu schade dazu? Einfach ist die Entscheidung nicht, doch der Meister lockt mit einer Besonderheit: Nach dem Wegschmelzen offenbart er eine Glücksmünze, auf der alte Weisheiten verewigt sind.</span><br><br><strong>Material:</strong><span> Rapswachs Komposition mit Paraffinanteil, Baumwolldocht, Metallmünze</span><br><strong>Farbe:</strong><span> Durchgefärbt senfgelb, glanzbeschichtet, RAL Kerzengüte Qualität</span><br><strong>Brenndauer:</strong><span> 30h</span><br><strong>Größe:</strong><span>19cm</span><br><strong>Geruch:<span> </span></strong><span>neutral</span></p>",Burning Buddha,,Buddha Candle,"__tab1:philosophie, Buddha, candle, coin, free, handmade, Kerze, noplastic, sustainable",true,Title,Default Title,,,,,BB-Zenf,430.0,shopify,16,deny,manual,39.90,,true,true,'633710796545,https://cdn.shopify.com/s/files/1/0002/7502/1865/products/Burning-Buddha-Candle-Skulpture-senfgelb-mustard-yellow_3.png?v=1648329768,1,,false,Meister Candle Zenf - Candles of Wisdom,"Der Polygon Buddha ist mehr als nur eine Kerze. Er steckt voller Symbolik und spielt mit der Vergänglichkeit der Schönheit. Zündest Du die Kerze an oder ist sie zu schade dazu? Einfach ist die Entscheidung nicht, doch der Meister lockt mit einer Besonderheit: Nach dem Wegschmelzen offenbart er eine Glücksmünze, auf der alte Weisheiten verewigt sind.Material: Rapswachs Komposition mit Paraffinanteil, Baumwolldocht, MetallmünzeFarbe: Durchgefärbt senfgelb, glanzbeschichtet, RAL Kerzengüte QualitätBrenndauer: 30hGröße:19cmGeruch: neutral",,,,,,,,,,,,,,,kg,,3.50,active
zenf,,,,,,,,,,,,,,,,,,,,,,,,,https://cdn.shopify.com/s/files/1/0002/7502/1865/products/Burning-Buddha-Kerze-Senfgelb-mustard-yellow.jpg?v=1648329768,2,,,,,,,,,,,,,,,,,,,,,,
zenf,,,,,,,,,,,,,,,,,,,,,,,,,https://cdn.shopify.com/s/files/1/0002/7502/1865/products/Burning-Buddha-Figur-Kerze-Zenf-Senfgelb-mustard-yellow-2.jpg?v=1648329768,3,schönes Kerzenset Buddha,,,,,,,,,,,,,,,,,,,,,
zenf,,,,,,,,,,,,,,,,,,,,,,,,,https://cdn.shopify.com/s/files/1/0002/7502/1865/products/Burning-Buddha-Figur-Kerze-Zenf-Senfgelb-mustard-yellow-3.jpg?v=1648329768,4,,,,,,,,,,,,,,,,,,,,,,
zenf,,,,,,,,,,,,,,,,,,,,,,,,,https://cdn.shopify.com/s/files/1/0002/7502/1865/products/Candles-of-Wisdom_Coin_of_Wisdom_7dde9061-2f65-4151-98eb-0b262bd792df.jpg?v=1648329781,5,,,,,,,,,,,,,,,,,,,,,,
zenf,,,,,,,,,,,,,,,,,,,,,,,,,https://cdn.shopify.com/s/files/1/0002/7502/1865/products/Candles-of-Wisdom-Verpackung_297c9be1-5c9d-4326-971f-407a23a011c7.jpg?v=1648329797,6,,,,,,,,,,,,,,,,,,,,,,
waldmeister,Meister Candle Forest Gold,"<p><span>Der Meister ist mehr als nur eine Kerze. Er steckt voller </span><strong><span><a href=""https://candlesofwisdom.com/pages/info"" title=""Symbolik und Philosophie"" target=""_blank"">Symbolik</a></span></strong><span> und spielt mit der Vergänglichkeit der Schönheit. Zündest Du die Kerze an oder ist sie zu schade dazu? Einfach ist die Entscheidung nicht, doch der Meister lockt mit einer Besonderheit und belohnt diejenigen die sich trauen: Nach dem Wegschmelzen offenbart er eine Glücksmünze, auf der alte Weisheiten verewigt sind.</span><br><br><span>Die Herstellung unserer mehrfarbigen Modelle ist sehr aufwendig, wobei das Endresultat nie ganz vorhersehbar ist. Jeder Meister ist ein Unikat mit individuellem Charme und variiert leicht im Aussehen.</span><br><br><strong>Material:</strong><span> Rapswachs Komposition mit Paraffinanteil, Baumwolldocht, Metallmünze</span><br><strong>Farbe:</strong><span> Durchgefärbt dunkelgrün, glanzbeschichtet, kupfer-gold gesprenkelt, RAL Kerzengüte Qualität</span><br><strong>Brenndauer:</strong><span> 30h</span><br><strong>Größe:</strong><span>19cm</span><br><strong>Geruch:<span> </span></strong><span>neutral</span></p>",Candles of Wisdom,,Buddha Candle,"__tab1:philosophie, Buddha, candle, coin, free, handmade, Kerze, noplastic, sustainable",true,Title,Default Title,,,,,BB-Waldmeister,430.0,shopify,4,deny,manual,44.90,44.90,true,true,'633710796583,https://cdn.shopify.com/s/files/1/0002/7502/1865/products/Weihnachtsgeschenk-Burning-Buddha-Kerze-Geschenkidee-Waldmeister-grun_cf7dcf34-45e4-4d29-b0e8-b621ea29ab10.png?v=1648372985,1,Burning Buddha Waldmeister,false,Meister Candle Forest Green - Candles of Wisdom,,,,,,,,,,,,,,,,kg,,4.00,active
waldmeister,,,,,,,,,,,,,,,,,,,,,,,,,https://cdn.shopify.com/s/files/1/0002/7502/1865/products/Meister-Candle-Forrest-Gold-Candles-of-Wisdom.jpg?v=1648373007,2,,,,,,,,,,,,,,,,,,,,,,
waldmeister,,,,,,,,,,,,,,,,,,,,,,,,,https://cdn.shopify.com/s/files/1/0002/7502/1865/products/Meister-Candle-Forrest-Gold-Candles-of-Wisdom2.jpg?v=1648373007,3,,,,,,,,,,,,,,,,,,,,,,
waldmeister,,,,,,,,,,,,,,,,,,,,,,,,,https://cdn.shopify.com/s/files/1/0002/7502/1865/products/Candles-of-Wisdom_Coin_of_Wisdom_1609abb2-46c1-415b-9a7e-120bd156c7c6.jpg?v=1648373007,4,,,,,,,,,,,,,,,,,,,,,,
waldmeister,,,,,,,,,,,,,,,,,,,,,,,,,https://cdn.shopify.com/s/files/1/0002/7502/1865/products/Candles-of-Wisdom-Verpackung_cfc5fab3-383e-4e83-8ed2-a33de3cb62d0.jpg?v=1648373005,5,,,,,,,,,,,,,,,,,,,,,,
meister,Meister Candle Black Gold,"<p><span>Der Meister ist mehr als nur eine Kerze. Er steckt voller </span><strong><span><a href=""https://candlesofwisdom.com/pages/info"" title=""Symbolik und Philosophie"" target=""_blank"">Symbolik</a></span></strong><span> und spielt mit der Vergänglichkeit der Schönheit. Zündest Du die Kerze an oder ist sie zu schade dazu? Einfach ist die Entscheidung nicht, doch der Meister lockt mit einer Besonderheit und belohnt diejenigen die sich trauen: Nach dem Wegschmelzen offenbart er eine Glücksmünze, auf der alte Weisheiten verewigt sind.</span><br><br><span>Die Herstellung unserer mehrfarbigen Modelle ist sehr aufwendig, wobei das Endresultat nie ganz vorhersehbar ist. Jeder Meister ist ein Unikat mit individuellem Charme und variiert leicht im Aussehen.</span><br><br><strong>Material:</strong><span> Rapswachs Komposition mit Paraffinanteil, Baumwolldocht, Metallmünze</span><br><strong>Farbe:</strong><span> Durchgefärbt schwarz, glanzbeschichtet, kupfer-gold gesprenkelt, RAL Kerzengüte Qualität</span><br><strong>Brenndauer:</strong><span> 30h</span><br><strong>Größe:</strong><span>19cm</span><br><strong>Geruch:<span> </span></strong><span>neutral</span></p>",Candles of Wisdom,,Buddha Candle,"__tab1:philosophie, Buddha, candle, coin, free, handmade, Kerze, noplastic, sustainable",true,Title,Default Title,,,,,BB-Meister,430.0,shopify,28,deny,manual,44.90,44.90,true,true,'633710796576,https://cdn.shopify.com/s/files/1/0002/7502/1865/products/Burning-Buddha-Kerze-Skulptur-gesprenkelt-Meister2.png?v=1648373512,1,Burning Buddha Meister,false,Meister Candle Black Gold - Candles of Wisdom,,,,,,,,,,,,,,,,kg,,4.50,active
meister,,,,,,,,,,,,,,,,,,,,,,,,,https://cdn.shopify.com/s/files/1/0002/7502/1865/products/Burning-Buddha-Meister-Kerze-Buddha-Figur.jpg?v=1648373512,2,Burning Buddha Kerze Decoration Objekt,,,,,,,,,,,,,,,,,,,,,
meister,,,,,,,,,,,,,,,,,,,,,,,,,https://cdn.shopify.com/s/files/1/0002/7502/1865/products/Burning-Buddha-Kerze-moderne-Buddha-Skulptur-meister.jpg?v=1648373512,3,Burning Buddha Yoga Kerze,,,,,,,,,,,,,,,,,,,,,
meister,,,,,,,,,,,,,,,,,,,,,,,,,https://cdn.shopify.com/s/files/1/0002/7502/1865/products/Burning-Buddha-Meister-Kerze-Design-Buddha-Figur.jpg?v=1648373512,4,Burning Buddha Dekoration,,,,,,,,,,,,,,,,,,,,,
meister,,,,,,,,,,,,,,,,,,,,,,,,,https://cdn.shopify.com/s/files/1/0002/7502/1865/products/Burning-Buddha-Kerze-Designobjekt-Buddha-Skulptur.jpg?v=1648373512,5,Meister Buddha - Burning Buddha Kerze,,,,,,,,,,,,,,,,,,,,,
meister,,,,,,,,,,,,,,,,,,,,,,,,,https://cdn.shopify.com/s/files/1/0002/7502/1865/products/Burning-Buddha-Meister-04.jpg?v=1648373512,6,Burning Buddha Meister,,,,,,,,,,,,,,,,,,,,,
meister,,,,,,,,,,,,,,,,,,,,,,,,,https://cdn.shopify.com/s/files/1/0002/7502/1865/products/Burning-Buddha-Kerze-mit-Muenze.jpg?v=1648373512,7,Burning Buddha Coin of Wisdom,,,,,,,,,,,,,,,,,,,,,
meister,,,,,,,,,,,,,,,,,,,,,,,,,https://cdn.shopify.com/s/files/1/0002/7502/1865/products/Candles-of-Wisdom_Coin_of_Wisdom_924920ac-b815-47f3-bdd3-c57407cc2453.jpg?v=1648373512,8,,,,,,,,,,,,,,,,,,,,,,
meister,,,,,,,,,,,,,,,,,,,,,,,,,https://cdn.shopify.com/s/files/1/0002/7502/1865/products/Candles-of-Wisdom-Verpackung_1dea28a3-66f1-4438-bb0c-046220b7e624.jpg?v=1648373512,9,,,,,,,,,,,,,,,,,,,,,,
little-meister,Little Meister Candle,"<p><span>Der Little Meister ist mehr als nur eine Kerze. Er steckt voller <strong><a title=""Symbolik und Philosophie"" href=""https://candlesofwisdom.com/pages/info"" target=""_blank"">Symbolik</a></strong> und spielt mit der Vergänglichkeit der Schönheit. Zündest Du die Kerze an oder ist sie zu schade dazu? Eine tolle Geschenkidee für alle, die an Yoga und Meditation interessiert sind und Achtsamkeit gerne mit moderner Ästhetik verbinden.</span></p>
<p><em><strong>Der Little Buddha beinhaltet</strong> <strong><em>NICHT die Münze der Weisheit.</em><br></strong></em><br><strong>Material:</strong> <span>Rapswachs Komposition mit Paraffinanteil</span>, Baumwolldocht<br><strong>Farben:</strong> Durchgefärbt Mint, Lavendel, Pfirsich, Beige und Senfgelb<br><strong>Brenndauer:</strong> 6h<br><strong>Größe:</strong> 11cm<br><strong data-mce-fragment=""1"">Geruch:<span data-mce-fragment=""1""> </span></strong><span data-mce-fragment=""1"">neutral</span></p>",Candles of Wisdom,,Buddha Candle,"__tab1:philosophie, Buddha, candle, free, handmade, Kerze, noplastic, sustainable",true,Farbe,Mint,,,,,BB-Littlemint,100.0,shopify,21,deny,manual,14.90,14.90,true,true,'633710796453,https://cdn.shopify.com/s/files/1/0002/7502/1865/products/Little-buddha-Overview4.png?v=1648373703,1,Little Buddha Candle,false,Little Meister Candle - Candles of Wisdom,"Der Little Meister ist mehr als nur eine Kerze. Die Buddha Kerze steckt voller Symbolik und spielt mit der Vergänglichkeit der Schönheit. Zündest Du die Kerze an oder ist sie zu schade dazu? Eine tolle Geschenkidee für alle, die an Yoga und Meditation interessiert sind und Achtsamkeit gerne mit moderner Ästhetik verbinden. Der Little Buddha beinhaltet NICHT die Münze der Weisheit. Material: Rapswachs Komposition mit Paraffinanteil, Baumwolldocht Farben: Durchgefärbt Mint, Lavendel, Pfirsich, Beige und Senfgelb Brenndauer: 6hGröße: 11cmGeruch: neutral",,,,,,,,,,,,,,https://cdn.shopify.com/s/files/1/0002/7502/1865/products/Burning-Buddha-Little-Buddha.png?v=1648373703,kg,,1.50,active
little-meister,,,,,,,,,Lavendel,,,,,BB-Littlelav,100.0,shopify,2,deny,manual,14.90,14.90,true,true,'633710796460,https://cdn.shopify.com/s/files/1/0002/7502/1865/products/Burning-Buddha-Little-Buddha.png?v=1648373703,2,Little Buddha Candle Mint,,,,,,,,,,,,,,,,,https://cdn.shopify.com/s/files/1/0002/7502/1865/products/Little-Buddha-Lavender.png?v=1648373703,kg,,1.50,
little-meister,,,,,,,,,Beige,,,,,BB-Littlebeige,100.0,shopify,3,deny,manual,14.90,14.90,true,true,'633710796477,https://cdn.shopify.com/s/files/1/0002/7502/1865/products/Little-Buddha-Sake.png?v=1648373703,3,Little Buddha Candle peach,,,,,,,,,,,,,,,,,https://cdn.shopify.com/s/files/1/0002/7502/1865/products/Burning-Buddha-Little-Buddha-Kerze-beige.png?v=1648373703,kg,,1.50,
little-meister,,,,,,,,,Peach,,,,,BB-LittlePeach,100.0,shopify,11,deny,manual,14.90,14.90,true,true,'633710796484,https://cdn.shopify.com/s/files/1/0002/7502/1865/products/Little-Buddha-Lavender.png?v=1648373703,4,Little Buddha Lavender,,,,,,,,,,,,,,,,,https://cdn.shopify.com/s/files/1/0002/7502/1865/products/Little-Buddha-Sake.png?v=1648373703,kg,,1.75,
little-meister,,,,,,,,,Zenf,,,,,BB-Littlezenf,100.0,shopify,4,deny,manual,14.90,14.90,true,true,'633710796491,https://cdn.shopify.com/s/files/1/0002/7502/1865/products/Burning-Buddha-Little-Buddha-Kerze-senfgelb.png?v=1648373703,5,Senfgelb Buddha Kerze,,,,,,,,,,,,,,,,,https://cdn.shopify.com/s/files/1/0002/7502/1865/products/Burning-Buddha-Little-Buddha-Kerze-senfgelb.png?v=1648373703,kg,,1.50,
little-meister,,,,,,,,,,,,,,,,,,,,,,,,,https://cdn.shopify.com/s/files/1/0002/7502/1865/products/Burning-Buddha-Little-Buddha-Kerze-beige.png?v=1648373703,6,Little Buddha Kerze,,,,,,,,,,,,,,,,,,,,,
little-meister,,,,,,,,,,,,,,,,,,,,,,,,,https://cdn.shopify.com/s/files/1/0002/7502/1865/products/Burning-Buddha-Figur-Kerze-Zenf-Senfgelb-mustard-yellow-2_6ccd39b9-1765-4a06-87da-e4630b4d8e70.jpg?v=1648373703,7,Little Buddha Geschenkidee,,,,,,,,,,,,,,,,,,,,,
little-meister,,,,,,,,,,,,,,,,,,,,,,,,,https://cdn.shopify.com/s/files/1/0002/7502/1865/products/Candles-of-Wisdom-Verpackung_f3f41b98-49f2-44b8-8e47-b80ea51795d8.jpg?v=1648373712,8,,,,,,,,,,,,,,,,,,,,,,
indigo,XX Indigo,"<p><span>Der Burning Buddha ist mehr als nur eine Kerze. Er steckt voller</span><span> </span><strong><a href=""https://www.burningbuddha.de/pages/info"" target=""_blank"" title=""Symbolik und Philosophie"" rel=""noopener noreferrer"">Symbolik</a></strong><span> </span><span>und spielt mit der </span><strong>Vergänglichkeit der Schönheit</strong><span> - Zündest Du die Kerze an oder ist sie zu schade dazu? So einfach ist die Entscheidung nicht, denn der Buddha lockt mit einer </span><strong>Besonderheit</strong><span>: Nach dem Wegschmelzen offenbart er eine </span><strong>Glücksmünze</strong><span>, auf der alte </span><strong>Weisheiten</strong><span> verewigt sind.</span><span><br></span></p>
<p><strong>Material:</strong><span> Rapswachs Komposition mit Paraffinanteil, Baumwolldocht, Metallmünze</span><br><strong>Farbe:</strong> blau durchgefärbt, glanzbeschichtet,<span> </span><span>RAL Kerzengüte Qualität</span><br><strong>Brenndauer:</strong> 30h<br><strong>Größe:</strong>19cm<img src=""https://cdn.shopify.com/s/files/1/0002/7502/1865/files/200102_WITH_COIN_Product-page_green.png?v=1580572549"" alt=""""></p>",burningbuddha,,Buddha Candle,"__tab1:philosophie, Buddha, Kerze",false,Title,Default Title,,,,,BB-Indigo,430.0,shopify,0,deny,manual,39.90,39.90,true,true,"",https://cdn.shopify.com/s/files/1/0002/7502/1865/products/Burning-Buddha-Kerze-Blau-Tuareg-Figur2.png?v=1567175542,1,Yves Blaue Burning Buddha Kerze,false,Burning Buddha Kerze - blau,,,,,,,,,,,,,,,,kg,,5.00,draft
indigo,,,,,,,,,,,,,,,,,,,,,,,,,https://cdn.shopify.com/s/files/1/0002/7502/1865/products/Burning-Buddha-Kerze.jpg?v=1567175542,2,,,,,,,,,,,,,,,,,,,,,,
indigo,,,,,,,,,,,,,,,,,,,,,,,,,https://cdn.shopify.com/s/files/1/0002/7502/1865/products/Burning-Buddha-Tuareg-05.jpg?v=1567175542,3,Blaue Buddha Figur,,,,,,,,,,,,,,,,,,,,,
indigo,,,,,,,,,,,,,,,,,,,,,,,,,https://cdn.shopify.com/s/files/1/0002/7502/1865/products/Burning-Buddha-Figur-Blaue-Kerze.jpg?v=1567175542,4,,,,,,,,,,,,,,,,,,,,,,
indigo,,,,,,,,,,,,,,,,,,,,,,,,,https://cdn.shopify.com/s/files/1/0002/7502/1865/products/Burning-Buddha-Tuareg-08.jpg?v=1567175542,5,,,,,,,,,,,,,,,,,,,,,,
indigo,,,,,,,,,,,,,,,,,,,,,,,,,https://cdn.shopify.com/s/files/1/0002/7502/1865/products/Burning-Buddha-Coin-of-Wisdom2_1f3c78b0-1a7e-4d9c-8a26-d2baa4ba3a47.jpg?v=1567175542,6,,,,,,,,,,,,,,,,,,,,,,
indigo,,,,,,,,,,,,,,,,,,,,,,,,,https://cdn.shopify.com/s/files/1/0002/7502/1865/products/Burning-Buddha-Verpackung_bfa05db2-df63-4b79-83f0-9d0ff3a061f4.jpg?v=1567175542,7,,,,,,,,,,,,,,,,,,,,,,
yin-yang,Meister Candle Black & White,"<p><span>Der Meister ist mehr als nur eine Kerze. Er steckt voller </span><strong><span><a href=""https://candlesofwisdom.com/pages/info"" title=""Symbolik und Philosophie"" target=""_blank"">Symbolik</a></span></strong><span> und spielt mit der Vergänglichkeit der Schönheit. Zündest Du die Kerze an oder ist sie zu schade dazu? Einfach ist die Entscheidung nicht, doch der Meister lockt mit einer Besonderheit und belohnt diejenigen die sich trauen: Nach dem Wegschmelzen offenbart er eine Glücksmünze, auf der alte Weisheiten verewigt sind.</span><br><br><span>Die Herstellung unserer mehrfarbigen Modelle ist sehr aufwendig, wobei das Endresultat nie ganz vorhersehbar ist. Jeder Meister ist ein Unikat mit individuellem Charme und variiert leicht im Aussehen.</span><br><br><strong>Material:</strong><span> Rapswachs Komposition mit Paraffinanteil, Baumwolldocht, Metallmünze</span><br><strong>Farbe:</strong><span> Beige und Schwarz, durchgefärbt, glanzbeschichtet, RAL Kerzengüte Qualität</span><br><strong>Brenndauer:</strong><span> 30h</span><br><strong>Größe:</strong><span>19cm</span><br><strong>Geruch:<span> </span></strong><span>neutral</span></p>",burningbuddha,,Buddha Candle,"__tab1:philosophie, Buddha, candle, coin, free, handmade, Kerze, noplastic, sustainable",true,Title,Default Title,,,,,BB-BW,430.0,shopify,5,deny,manual,44.90,,true,true,'633710796613,https://cdn.shopify.com/s/files/1/0002/7502/1865/products/Burning-Buddha-Candle-Kerze-Figur-Black-White_f6aede68-f24a-4c19-9a2b-ada7dc1874de.png?v=1648330136,1,,false,Meister Candle Black & White - Candles of Wisdom,"Der Burning Buddha ist mehr als nur eine Kerze. Er steckt voller Symbolik und spielt mit der Vergänglichkeit der Schönheit. Zündest Du die Kerze an oder ist sie zu schade dazu? Einfach ist die Entscheidung nicht, doch der Meister lockt mit einer Besonderheit und belohnt diejenigen die sich trauen: Nach dem Wegschmelzen offenbart er eine Glücksmünze, auf der alte Weisheiten verewigt sind.Die Herstellung unserer mehrfarbigen Modelle ist sehr aufwendig, wobei das Endresultat nie ganz vorhersehbar ist. Jeder Meister ist ein Unikat mit individuellem Charme und variiert leicht im Aussehen.Material: Rapswachs Komposition mit Paraffinanteil, Baumwolldocht, MetallmünzeFarbe: Beige und Schwarz, durchgefärbt, glanzbeschichtet, RAL Kerzengüte QualitätBrenndauer: 30hGröße:19cmGeruch: neutral",,,,,,,,,,,,,,,kg,,4.00,active
yin-yang,,,,,,,,,,,,,,,,,,,,,,,,,https://cdn.shopify.com/s/files/1/0002/7502/1865/products/Burning-Buddha-BlackWise03_46edfdda-8b0d-4e62-9207-5cdc6143bd02.jpg?v=1648330164,2,,,,,,,,,,,,,,,,,,,,,,
yin-yang,,,,,,,,,,,,,,,,,,,,,,,,,https://cdn.shopify.com/s/files/1/0002/7502/1865/products/Modern-Buddha-Design-Kerze-Schwarz-weiss-11_adcb493a-04a3-4a6f-adf0-0904729f33db.jpg?v=1648330164,3,,,,,,,,,,,,,,,,,,,,,,
yin-yang,,,,,,,,,,,,,,,,,,,,,,,,,https://cdn.shopify.com/s/files/1/0002/7502/1865/products/Burning-Buddha-Homedeco-Design-Kerze-Schwarz-weiss-11_54775e7f-52be-493d-8419-e2182c18e4b9.jpg?v=1648330164,4,,,,,,,,,,,,,,,,,,,,,,
yin-yang,,,,,,,,,,,,,,,,,,,,,,,,,https://cdn.shopify.com/s/files/1/0002/7502/1865/products/Meister-CandlesofWisdomBuddha-Jade.jpg?v=1648330164,5,,,,,,,,,,,,,,,,,,,,,,
yin-yang,,,,,,,,,,,,,,,,,,,,,,,,,https://cdn.shopify.com/s/files/1/0002/7502/1865/products/Buddha-Burning-Buddha-Kerze-Schwarz-weiss.jpg?v=1648330164,6,,,,,,,,,,,,,,,,,,,,,,
yin-yang,,,,,,,,,,,,,,,,,,,,,,,,,https://cdn.shopify.com/s/files/1/0002/7502/1865/products/Candles-of-Wisdom_Coin_of_Wisdom_0f73d074-9136-42f1-8bf3-0eef94262276.jpg?v=1648330164,7,,,,,,,,,,,,,,,,,,,,,,
yin-yang,,,,,,,,,,,,,,,,,,,,,,,,,https://cdn.shopify.com/s/files/1/0002/7502/1865/products/Candles-of-Wisdom-Verpackung_e97c6580-91b4-4a54-af61-4a68a8b164b3.jpg?v=1648330164,8,,,,,,,,,,,,,,,,,,,,,,
beige,Meister Candle Beige,"<p><span>Der Meister ist mehr als nur eine Kerze. Er steckt voller </span><strong><span><a href=""https://candlesofwisdom.com/pages/info"" title=""Symbolik und Philosophie"" target=""_blank"">Symbolik</a></span></strong><span> und spielt mit der Vergänglichkeit der Schönheit. Zündest Du die Kerze an oder ist sie zu schade dazu? Einfach ist die Entscheidung nicht, doch der Meister lockt mit einer Besonderheit: Nach dem Wegschmelzen offenbart er eine Glücksmünze, auf der alte Weisheiten verewigt sind.</span><br><br><strong>Material:</strong><span> Rapswachs Komposition mit Paraffinanteil, Baumwolldocht, Metallmünze</span><br><strong>Farbe:</strong><span> ungefärbt weiß/beige</span><br><strong>Brenndauer:</strong><span> 30h</span><br><strong>Größe:</strong><span>19cm</span><br><strong>Geruch:<span> </span></strong><span>neutral</span></p>",Candles Of Wisdom,,Buddha Candle,"__tab1:philosophie, Buddha, candle, coin, free, handmade, Kerze, noplastic, sustainable",true,Title,Default Title,,,,,BB-Beige,430.0,shopify,11,deny,manual,39.90,,true,true,'633710796521,https://cdn.shopify.com/s/files/1/0002/7502/1865/products/Burning-Buddha-Design-Kerze-Beige.png?v=1648328897,1,,false,Meister Candle Beige aus Rapswachs - Candles of Wisdom,Der Burning Buddha ist mehr als nur eine Kerze. Er steckt voller Symbolik und spielt mit der Vergänglichkeit der Schönheit. Der Rapswachs Buddha lockt außerdem mit einer Besonderheit: Nach dem Wegschmelzen des offenbart er eine Münze auf der eine alte Weisheit verewigt ist - nach Glückskeks Prinzip.,,,,,,,,,,,,,,,kg,,3.50,active
beige,,,,,,,,,,,,,,,,,,,,,,,,,https://cdn.shopify.com/s/files/1/0002/7502/1865/products/Design-Buddha-Kerze-Figur-Skulptur-Beige.jpg?v=1648328897,2,Burning Buddha,,,,,,,,,,,,,,,,,,,,,
beige,,,,,,,,,,,,,,,,,,,,,,,,,https://cdn.shopify.com/s/files/1/0002/7502/1865/products/Burning-Buddha-Kerze-Buddha-Figur-Accessoires---Beige.jpg?v=1648328897,3,Burning Buddha Figur - Vegane Kerze mit versteckter Weisheit,,,,,,,,,,,,,,,,,,,,,
beige,,,,,,,,,,,,,,,,,,,,,,,,,https://cdn.shopify.com/s/files/1/0002/7502/1865/products/Candles-of-Wisdom_Coin_of_Wisdom_6a9e9c14-7776-4bf1-9a18-b20aa87d6016.jpg?v=1648328897,4,,,,,,,,,,,,,,,,,,,,,,
beige,,,,,,,,,,,,,,,,,,,,,,,,,https://cdn.shopify.com/s/files/1/0002/7502/1865/products/Candles-of-Wisdom-Verpackung_f2b471a6-e1c9-4499-b57a-9b161d2428e8.jpg?v=1648328897,5,,,,,,,,,,,,,,,,,,,,,,
mint,Meister Candle Mint,"<p><span>Der Meister ist mehr als nur eine Kerze. Er steckt voller </span><strong><span><a href=""https://candlesofwisdom.com/pages/info"" title=""Symbolik und Philosophie"" target=""_blank"">Symbolik</a></span></strong><span> und spielt mit der Vergänglichkeit der Schönheit. Zündest Du die Kerze an oder ist sie zu schade dazu? Einfach ist die Entscheidung nicht, doch der Meister lockt mit einer Besonderheit und belohnt diejenigen die sich trauen: Nach dem Wegschmelzen offenbart er eine Glücksmünze, auf der alte Weisheiten verewigt sind.</span><br><br><strong>Material:</strong><span> Rapswachs Komposition mit Paraffinanteil, Baumwolldocht, Metallmünze</span><br><strong>Farbe:</strong><span> Durchgefärbt mintgrün, RAL Kerzengüte Qualität</span><br><strong>Brenndauer:</strong><span> 30h</span><br><strong>Größe:</strong><span>19cm</span><br><strong>Geruch:<span> </span></strong><span>neutral</span></p>",burningbuddha,,Buddha Candle,"__tab1:philosophie, Buddha, candle, coin, free, handmade, Kerze, noplastic, sustainable",true,Title,Default Title,,,,,BB-Mint,430.0,shopify,11,deny,manual,39.90,,true,true,'633710796507,https://cdn.shopify.com/s/files/1/0002/7502/1865/products/Buddah-Buddha-Kerze-Muenze-figur-Skulptur-Mint2_ca1ce965-4ffa-403a-81a2-76c9537bd52c.png?v=1648330930,1,,false,Meister Candle Mint - Candles of Wisdom,"Der Buddha ist mehr als nur eine Kerze. Er steckt voller Symbolik spielt mit der Vergänglichkeit der Schönheit. Eine tolle Geschenkidee für Yogis. Zündest Du die Kerze an oder ist sie zu schade dazu? Einfach ist die Entscheidung nicht, doch der Meister lockt mit einer Besonderheit und belohnt diejenigen die sich trauen: Nach dem Wegschmelzen offenbart er eine Glücksmünze, auf der alte Weisheiten verewigt sind. Material: Rapswachs",,,,,,,,,,,,,,,kg,,3.50,active
mint,,,,,,,,,,,,,,,,,,,,,,,,,https://cdn.shopify.com/s/files/1/0002/7502/1865/products/Burning-Buddha-Candles-of-Wisdom-Meister-Mint.jpg?v=1648330930,2,,,,,,,,,,,,,,,,,,,,,,
mint,,,,,,,,,,,,,,,,,,,,,,,,,https://cdn.shopify.com/s/files/1/0002/7502/1865/products/Burning_Buddha_mint_04.jpg?v=1648330930,3,Burning Buddha Candle,,,,,,,,,,,,,,,,,,,,,
mint,,,,,,,,,,,,,,,,,,,,,,,,,https://cdn.shopify.com/s/files/1/0002/7502/1865/products/Burning-Buddha-Kerze-Moderne-Buddha-Figur-Mint.jpg?v=1648330930,4,Burning Buddha Kerze,,,,,,,,,,,,,,,,,,,,,
mint,,,,,,,,,,,,,,,,,,,,,,,,,https://cdn.shopify.com/s/files/1/0002/7502/1865/products/Burning-Buddha-Kerze-Minimal-Buddha-Figur-Mint.jpg?v=1648330930,5,Burning Buddha Mint Candle,,,,,,,,,,,,,,,,,,,,,
mint,,,,,,,,,,,,,,,,,,,,,,,,,https://cdn.shopify.com/s/files/1/0002/7502/1865/products/Burning_Buddha_mint_06.jpg?v=1648330930,6,Burning Buddha Polygon Candle,,,,,,,,,,,,,,,,,,,,,
mint,,,,,,,,,,,,,,,,,,,,,,,,,https://cdn.shopify.com/s/files/1/0002/7502/1865/products/Burning_Buddha_mint11.jpg?v=1648330930,7,Burning Buddha Yoga Kerze,,,,,,,,,,,,,,,,,,,,,
mint,,,,,,,,,,,,,,,,,,,,,,,,,https://cdn.shopify.com/s/files/1/0002/7502/1865/products/Candles-of-Wisdom_Coin_of_Wisdom_361a6e11-0692-4ae6-86ca-9b7e37861c4d.jpg?v=1648330930,8,,,,,,,,,,,,,,,,,,,,,,
mint,,,,,,,,,,,,,,,,,,,,,,,,,https://cdn.shopify.com/s/files/1/0002/7502/1865/products/Candles-of-Wisdom-Verpackung_705f1bcb-da22-4d4b-b33d-6985293aa178.jpg?v=1648330930,9,,,,,,,,,,,,,,,,,,,,,,
black,Meister Candle Black,"<span data-mce-fragment=""1"">Der Meister ist mehr als nur eine Kerze. Er steckt voller </span><strong data-mce-fragment=""1""><span data-mce-fragment=""1""><a title=""Symbolik und Philosophie"" href=""https://candlesofwisdom.com/pages/info"" data-mce-fragment=""1"" data-mce-href=""https://candlesofwisdom.com/pages/info"" target=""_blank"">Symbolik</a></span></strong><span data-mce-fragment=""1""> und spielt mit der Vergänglichkeit der Schönheit. Zündest Du die Kerze an oder ist sie zu schade dazu? Einfach ist die Entscheidung nicht, doch der Meister lockt mit einer Besonderheit: Nach dem Wegschmelzen offenbart er eine Glücksmünze, auf der alte Weisheiten verewigt sind.</span><br data-mce-fragment=""1""><br data-mce-fragment=""1""><strong data-mce-fragment=""1"">Material:</strong><span data-mce-fragment=""1""> Rapswachs Komposition mit Paraffinanteil, Baumwolldocht, Metallmünze</span><br data-mce-fragment=""1""><strong data-mce-fragment=""1"">Farbe:</strong><span data-mce-fragment=""1""> Durchgefärbt schwarz, glanzbeschichtet, RAL Kerzengüte Qualität</span><br data-mce-fragment=""1""><strong data-mce-fragment=""1"">Brenndauer:</strong><span data-mce-fragment=""1""> 30h</span><br data-mce-fragment=""1""><strong data-mce-fragment=""1"">Größe:</strong><span data-mce-fragment=""1"">19cm</span><br data-mce-fragment=""1""><strong data-mce-fragment=""1"">Geruch:<span data-mce-fragment=""1""> </span></strong><span data-mce-fragment=""1"">neutral</span>",burningbuddha,,Buddha Candle,"__tab1:philosophie, Buddha, candle, coin, free, handmade, Kerze, noplastic, sustainable",true,Title,Default Title,,,,,BB-Black,430.0,shopify,15,deny,manual,39.90,39.90,true,true,'633710796552,https://cdn.shopify.com/s/files/1/0002/7502/1865/products/Burning-Buddha-Designobject-black.png?v=1648329167,1,Burning Buddha Figur schwarze Kerze,false,Meister Candle Black - Candles of Wisdom,"Der Burning Buddha ist mehr als nur eine Kerze. Er steckt voller Symbolik und spielt mit der Vergänglichkeit der Schönheit - Zündest Du die Kerze an oder ist sie zu schade dazu? So einfach ist die Entscheidung nicht, denn der Buddha lockt mit einer Besonderheit. Mehr erfahren.",,,,,,,,,,,,,,,kg,,4.50,active
black,,,,,,,,,,,,,,,,,,,,,,,,,https://cdn.shopify.com/s/files/1/0002/7502/1865/products/Black-Burning-Buddha-Designobjekt-schwarz.jpg?v=1648329322,2,,,,,,,,,,,,,,,,,,,,,,
black,,,,,,,,,,,,,,,,,,,,,,,,,https://cdn.shopify.com/s/files/1/0002/7502/1865/products/Buddha-Kerze-black-schwarz.jpg?v=1648329322,3,Buddha Figur - Schwarze Kerze,,,,,,,,,,,,,,,,,,,,,
black,,,,,,,,,,,,,,,,,,,,,,,,,https://cdn.shopify.com/s/files/1/0002/7502/1865/products/Burning_Buddha_Design_Kerze_Objekt_Schwarz2.jpg?v=1648329322,4,Burning Buddha Kerze,,,,,,,,,,,,,,,,,,,,,
black,,,,,,,,,,,,,,,,,,,,,,,,,https://cdn.shopify.com/s/files/1/0002/7502/1865/products/Burning_Buddha_Kerze_Designobjekt_Schwarz_Home_deko.jpg?v=1648329322,5,Burning Buddha Kerze,,,,,,,,,,,,,,,,,,,,,
black,,,,,,,,,,,,,,,,,,,,,,,,,https://cdn.shopify.com/s/files/1/0002/7502/1865/products/Burning-Buddha-Kerze-Ikone-Figur-Interior-schwarz.jpg?v=1648329322,6,,,,,,,,,,,,,,,,,,,,,,
black,,,,,,,,,,,,,,,,,,,,,,,,,https://cdn.shopify.com/s/files/1/0002/7502/1865/products/Burning-Buddha-Kerze-mit-Munze.jpg?v=1648329322,7,,,,,,,,,,,,,,,,,,,,,,
black,,,,,,,,,,,,,,,,,,,,,,,,,https://cdn.shopify.com/s/files/1/0002/7502/1865/products/Candles-of-Wisdom_Coin_of_Wisdom_9272afa9-7664-48de-9dc3-b8bbd5f3e322.jpg?v=1648329322,8,,,,,,,,,,,,,,,,,,,,,,
black,,,,,,,,,,,,,,,,,,,,,,,,,https://cdn.shopify.com/s/files/1/0002/7502/1865/products/Candles-of-Wisdom-Verpackung_e0cc24b4-6391-4a67-ac31-c95e4dc824f0.jpg?v=1648329322,9,,,,,,,,,,,,,,,,,,,,,,
